StarID,ProperName,X,Y,Z
0,Sol,0,0,0
1,Star2,282.43485,-0.00449,5.36884
2,Star3,43.04329,0.00285,-15.24144
3,Im a Star,-27.11358,0.02422,223.27753